model_name,MAE,MSE,RMSE,MAPE,n_train,n_validation
Linear Regression,3.982522211604906,24.76643979610383,4.976589172927963,0.0709015149797724,42068,10517
"GLM (Gamma, log-link)",4.162346981732474,27.609299775508475,5.25445523108804,0.0737716613873419,42068,10517
HistGradientBoosting,4.021348149402483,25.31622024996556,5.03152265720483,0.0714628779931954,42068,10517
XGBoost,4.104561923600365,26.363025254656463,5.134493670719292,0.07284941257760585,42068,10517
